id,sexo,raca_id,nome,foto
1,f,21,Fatima,
2,m,3,Ray,
3,f,21,Molly,
4,m,24,Mason,
5,f,33,Maya,
6,m,15,Kadeem,
7,m,33,Alexander,
8,m,28,Kasimir,
9,m,25,Quynn,
10,m,30,Jasper,
11,f,19,Jessica,
12,m,30,Abraham,
13,f,14,Leila,
14,m,33,Orson,
15,m,36,Macaulay,
16,f,37,Keely,
17,m,3,Rogan,
18,m,41,Colorado,
19,f,36,Lydia,
20,m,31,Logan,
21,m,19,Basil,
22,f,37,Madeline,
23,m,12,Raymond,
24,m,18,Garth,
25,m,45,Dorian,
26,f,20,September,
27,f,25,Alexa,
28,f,35,Ulla,
29,m,14,Arsenio,
30,f,4,Cheyenne,
31,m,17,Regan,
32,m,34,Aidan,
33,m,18,Hyatt,
34,m,34,Jarrod,
35,f,4,Audrey,
36,m,2,Sage,
37,m,18,Jared,
38,m,31,Oliver,
39,f,32,Eleanor,
40,f,18,Ora,
41,m,32,Dante,
42,m,24,Gannon,
43,f,8,Winifred,
44,f,26,Dominic,
45,m,44,Elvis,
46,m,20,Hunter,
47,f,26,Doris,
48,m,44,Channing,
49,f,34,Jermaine,
50,m,39,Carly,
51,f,26,Naomi,
52,f,11,Hayes,
53,f,10,Imogene,
54,f,12,Gannon,
55,f,9,Macy,
56,m,44,Vladimir,
57,m,18,Gray,
58,f,26,Iola,
59,m,23,Brian,
60,m,10,Kirk,
61,m,30,Deacon,
62,f,26,Daphne,
63,m,28,Wyoming,
64,f,3,Erich,
65,m,7,Quyn,
66,f,39,Merrill,
67,f,38,Orla,
68,m,19,Aidan,
69,m,23,Marshall,
70,f,25,Kellie,
71,m,42,Odysseus,
72,f,2,Rana,
73,m,16,Leroy,
74,m,22,Leroy,
75,f,18,Irene,
76,m,39,Anthony,
77,f,23,Ariel,
78,f,31,Amaya,
79,f,18,Moana,
80,f,15,Rhoda,
81,f,11,Claire,
82,m,6,Eric,
83,m,3,Ishmael,
84,m,8,Gay,
85,f,15,Jeanette,
86,m,25,Clayton,
87,f,9,Meredith,
88,m,17,Travis,
89,m,20,Dexter,
90,f,41,Lysandra,
91,m,41,Hector,
92,f,8,Nicole,
93,f,45,Chelsea,
94,f,12,Aretha,
95,f,5,Inez,
96,f,27,Karyn,
97,f,6,Maya,
98,m,31,Colton,
99,f,9,Charity,
